id,address,lng,lat,url,geometry
79,센텀중,129.1239937,35.1736251,https://its.busan.go.kr/traffic/exclude/cctvPopup.do?cctvid=79&title=센텀중&isvr=undefined,POINT (129.1239937 35.1736251)
53,수영1호교사거리,129.12561,35.16539,https://its.busan.go.kr/traffic/exclude/cctvPopup.do?cctvid=53&title=수영1호교사거리&isvr=undefined,POINT (129.12561 35.16539)
54,수영2호교입구(민락),129.12813,35.15991,https://its.busan.go.kr/traffic/exclude/cctvPopup.do?cctvid=54&title=수영2호교입구(민락)&isvr=undefined,POINT (129.12813 35.15991)
47,하마정교차로,129.067785,35.17477,https://its.busan.go.kr/traffic/exclude/cctvPopup.do?cctvid=47&title=하마정교차로&isvr=undefined,POINT (129.067785 35.17477)
14,송공(광장),129.068768,35.169229,https://its.busan.go.kr/traffic/exclude/cctvPopup.do?cctvid=14&title=송공(광장)&isvr=undefined,POINT (129.068768 35.169229)
13,삼전교차로,129.063771,35.163847,https://its.busan.go.kr/traffic/exclude/cctvPopup.do?cctvid=13&title=삼전교차로&isvr=undefined,POINT (129.063771 35.163847)
80,연지삼거리,129.0553498,35.17080479,https://its.busan.go.kr/traffic/exclude/cctvPopup.do?cctvid=80&title=연지삼거리&isvr=undefined,POINT (129.0553498 35.17080479)
81,부암교차로,129.0503874,35.16848,https://its.busan.go.kr/traffic/exclude/cctvPopup.do?cctvid=81&title=부암교차로&isvr=undefined,POINT (129.0503874 35.16848)
46,동천삼거리,129.066696,35.130015,https://its.busan.go.kr/traffic/exclude/cctvPopup.do?cctvid=46&title=동천삼거리&isvr=undefined,POINT (129.066696 35.130015)
82,진양사거리,129.0500458,35.16163921,https://its.busan.go.kr/traffic/exclude/cctvPopup.do?cctvid=82&title=진양사거리&isvr=undefined,POINT (129.0500458 35.16163921)
83,개성중(상),129.050333,35.157578,https://its.busan.go.kr/traffic/exclude/cctvPopup.do?cctvid=83&title=개성중(상)&isvr=undefined,POINT (129.050333 35.157578)
84,개성중(하),129.05049,35.15573,https://its.busan.go.kr/traffic/exclude/cctvPopup.do?cctvid=84&title=개성중(하)&isvr=undefined,POINT (129.05049 35.15573)
12,서면교차로,129.059124,35.157704,https://its.busan.go.kr/traffic/exclude/cctvPopup.do?cctvid=12&title=서면교차로&isvr=undefined,POINT (129.059124 35.157704)
11,천우장,129.058965,35.15453,https://its.busan.go.kr/traffic/exclude/cctvPopup.do?cctvid=11&title=천우장&isvr=undefined,POINT (129.058965 35.15453)
72,롯데호텔,129.0556119,35.15632894,https://its.busan.go.kr/traffic/exclude/cctvPopup.do?cctvid=72&title=롯데호텔&isvr=undefined,POINT (129.0556119 35.15632894)
61,문전교차로,129.065318,35.14872,https://its.busan.go.kr/traffic/exclude/cctvPopup.do?cctvid=61&title=문전교차로&isvr=undefined,POINT (129.065318 35.14872)
10,범천교차로,129.059051,35.147345,https://its.busan.go.kr/traffic/exclude/cctvPopup.do?cctvid=10&title=범천교차로&isvr=undefined,POINT (129.059051 35.147345)
9,자유시장,129.0591679,35.14179515,https://its.busan.go.kr/traffic/exclude/cctvPopup.do?cctvid=9&title=자유시장&isvr=undefined,POINT (129.0591679 35.14179515)
40,수영교차로,129.115182,35.167335,https://its.busan.go.kr/traffic/exclude/cctvPopup.do?cctvid=40&title=수영교차로&isvr=undefined,POINT (129.115182 35.167335)
121,망미램프,129.1140741,35.1801285,https://its.busan.go.kr/traffic/exclude/cctvPopup.do?cctvid=121&title=망미램프&isvr=undefined,POINT (129.1140741 35.1801285)
65,부산지방병무청,129.103547,35.17277,https://its.busan.go.kr/traffic/exclude/cctvPopup.do?cctvid=65&title=부산지방병무청&isvr=undefined,POINT (129.103547 35.17277)
64,신리삼거리,129.086591,35.174558,https://its.busan.go.kr/traffic/exclude/cctvPopup.do?cctvid=64&title=신리삼거리&isvr=undefined,POINT (129.086591 35.174558)
62,토곡사거리,129.107297,35.18775,https://its.busan.go.kr/traffic/exclude/cctvPopup.do?cctvid=62&title=토곡사거리&isvr=undefined,POINT (129.107297 35.18775)
90,원동IC,129.1136323,35.1941066,https://its.busan.go.kr/traffic/exclude/cctvPopup.do?cctvid=90&title=원동IC&isvr=undefined,POINT (129.1136323 35.1941066)
122,반여,129.1200199,35.20677724,https://its.busan.go.kr/traffic/exclude/cctvPopup.do?cctvid=122&title=반여&isvr=undefined,POINT (129.1200199 35.20677724)
66,석대,129.1178377,35.2167619,https://its.busan.go.kr/traffic/exclude/cctvPopup.do?cctvid=66&title=석대&isvr=undefined,POINT (129.1178377 35.2167619)
123,오륜터널입구,129.1035472,35.24840765,https://its.busan.go.kr/traffic/exclude/cctvPopup.do?cctvid=123&title=오륜터널입구&isvr=undefined,POINT (129.1035472 35.24840765)
104,성산삼거리,128.8942335,35.12189569,https://its.busan.go.kr/traffic/exclude/cctvPopup.do?cctvid=104&title=성산삼거리&isvr=undefined,POINT (128.8942335 35.12189569)
57,송도교차로,129.018855,35.078565,https://its.busan.go.kr/traffic/exclude/cctvPopup.do?cctvid=57&title=송도교차로&isvr=undefined,POINT (129.018855 35.078565)
68,광어골,129.19864,35.180484,https://its.busan.go.kr/traffic/exclude/cctvPopup.do?cctvid=68&title=광어골&isvr=undefined,POINT (129.19864 35.180484)
28,우암교차로,129.079094,35.124369,https://its.busan.go.kr/traffic/exclude/cctvPopup.do?cctvid=28&title=우암교차로&isvr=undefined,POINT (129.079094 35.124369)
105,다대포해수욕장입구,128.9676872,35.0475253,https://its.busan.go.kr/traffic/exclude/cctvPopup.do?cctvid=105&title=다대포해수욕장입구&isvr=undefined,POINT (128.9676872 35.0475253)
71,삼락IC,128.9829165,35.1929643,https://its.busan.go.kr/traffic/exclude/cctvPopup.do?cctvid=71&title=삼락IC&isvr=undefined,POINT (128.9829165 35.1929643)
60,교리삼거리,129.220935,35.251513,https://its.busan.go.kr/traffic/exclude/cctvPopup.do?cctvid=60&title=교리삼거리&isvr=undefined,POINT (129.220935 35.251513)
204,청강사거리,129.2180415,35.23573703,https://its.busan.go.kr/traffic/exclude/cctvPopup.do?cctvid=204&title=청강사거리&isvr=undefined,POINT (129.2180415 35.23573703)
202,중동역교차로,129.1679751,35.16687399,https://its.busan.go.kr/traffic/exclude/cctvPopup.do?cctvid=202&title=중동역교차로&isvr=undefined,POINT (129.1679751 35.16687399)
203,센텀시티역,129.13238,35.169264,https://its.busan.go.kr/traffic/exclude/cctvPopup.do?cctvid=203&title=센텀시티역&isvr=undefined,POINT (129.13238 35.169264)
194,금사교차로,129.1087064,35.21422275,https://its.busan.go.kr/traffic/exclude/cctvPopup.do?cctvid=194&title=금사교차로&isvr=undefined,POINT (129.1087064 35.21422275)
208,남문구사거리,129.0734393,35.18853007,https://its.busan.go.kr/traffic/exclude/cctvPopup.do?cctvid=208&title=남문구사거리&isvr=undefined,POINT (129.0734393 35.18853007)
205,구포2동사거리,128.9981316,35.2013481,https://its.busan.go.kr/traffic/exclude/cctvPopup.do?cctvid=205&title=구포2동사거리&isvr=undefined,POINT (128.9981316 35.2013481)
197,전포사거리,129.0652985,35.15738846,https://its.busan.go.kr/traffic/exclude/cctvPopup.do?cctvid=197&title=전포사거리&isvr=undefined,POINT (129.0652985 35.15738846)
196,범곡교차로,129.0559917,35.14183329,https://its.busan.go.kr/traffic/exclude/cctvPopup.do?cctvid=196&title=범곡교차로&isvr=undefined,POINT (129.0559917 35.14183329)
201,감만사거리,129.0804564,35.11889502,https://its.busan.go.kr/traffic/exclude/cctvPopup.do?cctvid=201&title=감만사거리&isvr=undefined,POINT (129.0804564 35.11889502)
200,동명부두입구,129.0928232,35.11053751,https://its.busan.go.kr/traffic/exclude/cctvPopup.do?cctvid=200&title=동명부두입구&isvr=undefined,POINT (129.0928232 35.11053751)
198,개금초등교삼거리,129.0218069,35.15482749,https://its.busan.go.kr/traffic/exclude/cctvPopup.do?cctvid=198&title=개금초등교삼거리&isvr=undefined,POINT (129.0218069 35.15482749)
211,대동사거리,128.9845715,35.20968574,https://its.busan.go.kr/traffic/exclude/cctvPopup.do?cctvid=211&title=대동사거리&isvr=undefined,POINT (128.9845715 35.20968574)
210,신대저교차로,128.9739918,35.21116918,https://its.busan.go.kr/traffic/exclude/cctvPopup.do?cctvid=210&title=신대저교차로&isvr=undefined,POINT (128.9739918 35.21116918)
213,세산삼거리,128.8742981,35.14128001,https://its.busan.go.kr/traffic/exclude/cctvPopup.do?cctvid=213&title=세산삼거리&isvr=undefined,POINT (128.8742981 35.14128001)
209,차량등록사업소,128.9037776,35.08879599,https://its.busan.go.kr/traffic/exclude/cctvPopup.do?cctvid=209&title=차량등록사업소&isvr=undefined,POINT (128.9037776 35.08879599)
207,을숙도대교(사하),128.95263,35.085809,https://its.busan.go.kr/traffic/exclude/cctvPopup.do?cctvid=207&title=을숙도대교(사하)&isvr=undefined,POINT (128.95263 35.085809)
195,영선아래사거리,129.0408531,35.08554552,https://its.busan.go.kr/traffic/exclude/cctvPopup.do?cctvid=195&title=영선아래사거리&isvr=undefined,POINT (129.0408531 35.08554552)
206,북부경찰서입구,129.0126358,35.22861249,https://its.busan.go.kr/traffic/exclude/cctvPopup.do?cctvid=206&title=북부경찰서입구&isvr=undefined,POINT (129.0126358 35.22861249)
212,제2낙동대교(강서),128.9900458,35.21728531,https://its.busan.go.kr/traffic/exclude/cctvPopup.do?cctvid=212&title=제2낙동대교(강서)&isvr=undefined,POINT (128.9900458 35.21728531)
261,문전교차로(하).진구,129.06519,35.149816,https://its.busan.go.kr/traffic/exclude/cctvPopup.do?cctvid=261&title=문전교차로(하).진구&isvr=undefined,POINT (129.06519 35.149816)
52,부산진역 철도 CY(4부두),129.0491386,35.1247711,https://its.busan.go.kr/traffic/exclude/cctvPopup.do?cctvid=52&title=부산진역 철도 CY(4부두)&isvr=undefined,POINT (129.0491386 35.1247711)
78,청학소방파출소,129.056,35.09808356,https://its.busan.go.kr/traffic/exclude/cctvPopup.do?cctvid=78&title=청학소방파출소&isvr=undefined,POINT (129.056 35.09808356)
193,안락오거리,129.1072592,35.19120692,https://its.busan.go.kr/traffic/exclude/cctvPopup.do?cctvid=193&title=안락오거리&isvr=undefined,POINT (129.1072592 35.19120692)
199,장대골삼거리,129.1129261,35.15733192,https://its.busan.go.kr/traffic/exclude/cctvPopup.do?cctvid=199&title=장대골삼거리&isvr=undefined,POINT (129.1129261 35.15733192)
214,백양터널어귀(개금),129.030326,35.16369728,https://its.busan.go.kr/traffic/exclude/cctvPopup.do?cctvid=214&title=백양터널어귀(개금)&isvr=undefined,POINT (129.030326 35.16369728)
26,구서IC,129.0998452,35.25309999,https://its.busan.go.kr/traffic/exclude/cctvPopup.do?cctvid=26&title=구서IC&isvr=undefined,POINT (129.0998452 35.25309999)
67,장산역교차로,129.175823,35.169121,https://its.busan.go.kr/traffic/exclude/cctvPopup.do?cctvid=67&title=장산역교차로&isvr=undefined,POINT (129.175823 35.169121)
85,해운대구청어귀삼거리,129.1600462,35.16410012,https://its.busan.go.kr/traffic/exclude/cctvPopup.do?cctvid=85&title=해운대구청어귀삼거리&isvr=undefined,POINT (129.1600462 35.16410012)
86,해운대바다,129.161785,35.15962,https://its.busan.go.kr/traffic/exclude/cctvPopup.do?cctvid=86&title=해운대바다&isvr=undefined,POINT (129.161785 35.15962)
87,동백사거리,129.1510165,35.15760428,https://its.busan.go.kr/traffic/exclude/cctvPopup.do?cctvid=87&title=동백사거리&isvr=undefined,POINT (129.1510165 35.15760428)
127,운촌삼거리,129.1490521,35.16035276,https://its.busan.go.kr/traffic/exclude/cctvPopup.do?cctvid=127&title=운촌삼거리&isvr=undefined,POINT (129.1490521 35.16035276)
88,올림픽교차로,129.1390486,35.16869409,https://its.busan.go.kr/traffic/exclude/cctvPopup.do?cctvid=88&title=올림픽교차로&isvr=undefined,POINT (129.1390486 35.16869409)
89,올림픽동산,129.1326443,35.16363804,https://its.busan.go.kr/traffic/exclude/cctvPopup.do?cctvid=89&title=올림픽동산&isvr=undefined,POINT (129.1326443 35.16363804)
41,동방오거리,129.12105,35.158755,https://its.busan.go.kr/traffic/exclude/cctvPopup.do?cctvid=41&title=동방오거리&isvr=undefined,POINT (129.12105 35.158755)
119,광안리해변,129.1193541,35.1542544,https://its.busan.go.kr/traffic/exclude/cctvPopup.do?cctvid=119&title=광안리해변&isvr=undefined,POINT (129.1193541 35.1542544)
126,센텀고교,129.126949,35.17750145,https://its.busan.go.kr/traffic/exclude/cctvPopup.do?cctvid=126&title=센텀고교&isvr=undefined,POINT (129.126949 35.17750145)
125,좌수영교,129.1223234,35.17538667,https://its.busan.go.kr/traffic/exclude/cctvPopup.do?cctvid=125&title=좌수영교&isvr=undefined,POINT (129.1223234 35.17538667)
39,KBS삼거리,129.109468,35.14379,https://its.busan.go.kr/traffic/exclude/cctvPopup.do?cctvid=39&title=KBS삼거리&isvr=undefined,POINT (129.109468 35.14379)
38,대남교차로,129.105463,35.139896,https://its.busan.go.kr/traffic/exclude/cctvPopup.do?cctvid=38&title=대남교차로&isvr=undefined,POINT (129.105463 35.139896)
43,49호광장,129.1111,35.136355,https://its.busan.go.kr/traffic/exclude/cctvPopup.do?cctvid=43&title=49호광장&isvr=undefined,POINT (129.1111 35.136355)
42,남부운전면허장입구,129.106086,35.12966,https://its.busan.go.kr/traffic/exclude/cctvPopup.do?cctvid=42&title=남부운전면허장입구&isvr=undefined,POINT (129.106086 35.12966)
44,동명오거리,129.098788,35.121067,https://its.busan.go.kr/traffic/exclude/cctvPopup.do?cctvid=44&title=동명오거리&isvr=undefined,POINT (129.098788 35.121067)
45,유엔교차로,129.0926,35.130027,https://its.busan.go.kr/traffic/exclude/cctvPopup.do?cctvid=45&title=유엔교차로&isvr=undefined,POINT (129.0926 35.130027)
37,용소삼거리,129.099838,35.13703,https://its.busan.go.kr/traffic/exclude/cctvPopup.do?cctvid=37&title=용소삼거리&isvr=undefined,POINT (129.099838 35.13703)
36,대연사거리,129.091909,35.135115,https://its.busan.go.kr/traffic/exclude/cctvPopup.do?cctvid=36&title=대연사거리&isvr=undefined,POINT (129.091909 35.135115)
128,황령터널,129.095145,35.14760563,https://its.busan.go.kr/traffic/exclude/cctvPopup.do?cctvid=128&title=황령터널&isvr=undefined,POINT (129.095145 35.14760563)
120,대연램프A,129.0861442,35.14192446,https://its.busan.go.kr/traffic/exclude/cctvPopup.do?cctvid=120&title=대연램프A&isvr=undefined,POINT (129.0861442 35.14192446)
35,문현교차로,129.067785,35.137138,https://its.busan.go.kr/traffic/exclude/cctvPopup.do?cctvid=35&title=문현교차로&isvr=undefined,POINT (129.067785 35.137138)
27,항만삼거리,129.059808,35.130139,https://its.busan.go.kr/traffic/exclude/cctvPopup.do?cctvid=27&title=항만삼거리&isvr=undefined,POINT (129.059808 35.130139)
34,범일교차로,129.063742,35.137357,https://its.busan.go.kr/traffic/exclude/cctvPopup.do?cctvid=34&title=범일교차로&isvr=undefined,POINT (129.063742 35.137357)
8,좌천삼거리,129.052554,35.132769,https://its.busan.go.kr/traffic/exclude/cctvPopup.do?cctvid=8&title=좌천삼거리&isvr=undefined,POINT (129.052554 35.132769)
50,3부두,129.04524,35.116855,https://its.busan.go.kr/traffic/exclude/cctvPopup.do?cctvid=50&title=3부두&isvr=undefined,POINT (129.04524 35.116855)
7,초량교차로,129.042203,35.120005,https://its.busan.go.kr/traffic/exclude/cctvPopup.do?cctvid=7&title=초량교차로&isvr=undefined,POINT (129.042203 35.120005)
6,부산역,129.039353,35.114967,https://its.busan.go.kr/traffic/exclude/cctvPopup.do?cctvid=6&title=부산역&isvr=undefined,POINT (129.039353 35.114967)
5,영주사거리,129.037914,35.11186,https://its.busan.go.kr/traffic/exclude/cctvPopup.do?cctvid=5&title=영주사거리&isvr=undefined,POINT (129.037914 35.11186)
4,부산우체국,129.036658,35.103092,https://its.busan.go.kr/traffic/exclude/cctvPopup.do?cctvid=4&title=부산우체국&isvr=undefined,POINT (129.036658 35.103092)
51,세관삼거리,129.03746,35.105355,https://its.busan.go.kr/traffic/exclude/cctvPopup.do?cctvid=51&title=세관삼거리&isvr=undefined,POINT (129.03746 35.105355)
3,옛시청,129.035343,35.097879,https://its.busan.go.kr/traffic/exclude/cctvPopup.do?cctvid=3&title=옛시청&isvr=undefined,POINT (129.035343 35.097879)
69,봉래교차로,129.04489,35.092924,https://its.busan.go.kr/traffic/exclude/cctvPopup.do?cctvid=69&title=봉래교차로&isvr=undefined,POINT (129.04489 35.092924)
70,대교교차로,129.03984,35.09221,https://its.busan.go.kr/traffic/exclude/cctvPopup.do?cctvid=70&title=대교교차로&isvr=undefined,POINT (129.03984 35.09221)
2,남포동,129.029273,35.097858,https://its.busan.go.kr/traffic/exclude/cctvPopup.do?cctvid=2&title=남포동&isvr=undefined,POINT (129.029273 35.097858)
55,PIFF광장,129.02774,35.098815,https://its.busan.go.kr/traffic/exclude/cctvPopup.do?cctvid=55&title=PIFF광장&isvr=undefined,POINT (129.02774 35.098815)
56,대청사거리,129.027925,35.10311,https://its.busan.go.kr/traffic/exclude/cctvPopup.do?cctvid=56&title=대청사거리&isvr=undefined,POINT (129.027925 35.10311)
1,충무교차로,129.024297,35.096521,https://its.busan.go.kr/traffic/exclude/cctvPopup.do?cctvid=1&title=충무교차로&isvr=undefined,POINT (129.024297 35.096521)
109,부민사거리,129.02008,35.10320793,https://its.busan.go.kr/traffic/exclude/cctvPopup.do?cctvid=109&title=부민사거리&isvr=undefined,POINT (129.02008 35.10320793)
107,동대신사거리,129.0180805,35.10996773,https://its.busan.go.kr/traffic/exclude/cctvPopup.do?cctvid=107&title=동대신사거리&isvr=undefined,POINT (129.0180805 35.10996773)
106,구덕사거리,129.0173993,35.11570913,https://its.busan.go.kr/traffic/exclude/cctvPopup.do?cctvid=106&title=구덕사거리&isvr=undefined,POINT (129.0173993 35.11570913)
108,서대신사거리,129.0119937,35.11094252,https://its.busan.go.kr/traffic/exclude/cctvPopup.do?cctvid=108&title=서대신사거리&isvr=undefined,POINT (129.0119937 35.11094252)
103,사하 국민체육센터,128.9996561,35.08951326,https://its.busan.go.kr/traffic/exclude/cctvPopup.do?cctvid=103&title=사하 국민체육센터&isvr=undefined,POINT (128.9996561 35.08951326)
100,괴정사거리,128.993195,35.100139,https://its.busan.go.kr/traffic/exclude/cctvPopup.do?cctvid=100&title=괴정사거리&isvr=undefined,POINT (128.993195 35.100139)
112,사하경찰서,128.9772608,35.08495009,https://its.busan.go.kr/traffic/exclude/cctvPopup.do?cctvid=112&title=사하경찰서&isvr=undefined,POINT (128.9772608 35.08495009)
101,하단교차로,128.9682442,35.10618308,https://its.busan.go.kr/traffic/exclude/cctvPopup.do?cctvid=101&title=하단교차로&isvr=undefined,POINT (128.9682442 35.10618308)
102,을숙도초등학교,128.9620686,35.1148783,https://its.busan.go.kr/traffic/exclude/cctvPopup.do?cctvid=102&title=을숙도초등학교&isvr=undefined,POINT (128.9620686 35.1148783)
110,하구언IC,128.95675,35.10627,https://its.busan.go.kr/traffic/exclude/cctvPopup.do?cctvid=110&title=하구언IC&isvr=undefined,POINT (128.95675 35.10627)
116,명지IC,128.9322653,35.11117591,https://its.busan.go.kr/traffic/exclude/cctvPopup.do?cctvid=116&title=명지IC&isvr=undefined,POINT (128.9322653 35.11117591)
77,엄궁교차로,128.9722028,35.13146085,https://its.busan.go.kr/traffic/exclude/cctvPopup.do?cctvid=77&title=엄궁교차로&isvr=undefined,POINT (128.9722028 35.13146085)
111,감전교차로,128.9693053,35.145255,https://its.busan.go.kr/traffic/exclude/cctvPopup.do?cctvid=111&title=감전교차로&isvr=undefined,POINT (128.9693053 35.145255)
73,감전IC,128.972695,35.152118,https://its.busan.go.kr/traffic/exclude/cctvPopup.do?cctvid=73&title=감전IC&isvr=undefined,POINT (128.972695 35.152118)
74,서부산IC,128.9534244,35.15543524,https://its.busan.go.kr/traffic/exclude/cctvPopup.do?cctvid=74&title=서부산IC&isvr=undefined,POINT (128.9534244 35.15543524)
76,세원교차로,128.987631,35.14313,https://its.busan.go.kr/traffic/exclude/cctvPopup.do?cctvid=76&title=세원교차로&isvr=undefined,POINT (128.987631 35.14313)
75,학장교차로,128.98957,35.14926,https://its.busan.go.kr/traffic/exclude/cctvPopup.do?cctvid=75&title=학장교차로&isvr=undefined,POINT (128.98957 35.14926)
31,주례교차로,129.000108,35.150174,https://its.busan.go.kr/traffic/exclude/cctvPopup.do?cctvid=31&title=주례교차로&isvr=undefined,POINT (129.000108 35.150174)
30,개금사거리,129.02027,35.153442,https://its.busan.go.kr/traffic/exclude/cctvPopup.do?cctvid=30&title=개금사거리&isvr=undefined,POINT (129.02027 35.153442)
32,동의대(상),129.032513,35.154332,https://its.busan.go.kr/traffic/exclude/cctvPopup.do?cctvid=32&title=동의대(상)&isvr=undefined,POINT (129.032513 35.154332)
33,동의대(하),129.031844,35.152825,https://its.busan.go.kr/traffic/exclude/cctvPopup.do?cctvid=33&title=동의대(하)&isvr=undefined,POINT (129.031844 35.152825)
113,사상역,128.9846893,35.1619734,https://its.busan.go.kr/traffic/exclude/cctvPopup.do?cctvid=113&title=사상역&isvr=undefined,POINT (128.9846893 35.1619734)
117,공항입구,128.9580955,35.1809261,https://its.busan.go.kr/traffic/exclude/cctvPopup.do?cctvid=117&title=공항입구&isvr=undefined,POINT (128.9580955 35.1809261)
95,백양터널(모라),128.9984815,35.18565547,https://its.busan.go.kr/traffic/exclude/cctvPopup.do?cctvid=95&title=백양터널(모라)&isvr=undefined,POINT (128.9984815 35.18565547)
99,신모라사거리,128.9910508,35.18644952,https://its.busan.go.kr/traffic/exclude/cctvPopup.do?cctvid=99&title=신모라사거리&isvr=undefined,POINT (128.9910508 35.18644952)
118,신덕,128.9742163,35.20311354,https://its.busan.go.kr/traffic/exclude/cctvPopup.do?cctvid=118&title=신덕&isvr=undefined,POINT (128.9742163 35.20311354)
98,구포대교,128.9942452,35.20390139,https://its.busan.go.kr/traffic/exclude/cctvPopup.do?cctvid=98&title=구포대교&isvr=undefined,POINT (128.9942452 35.20390139)
97,덕천교차로,129.0054462,35.21026,https://its.busan.go.kr/traffic/exclude/cctvPopup.do?cctvid=97&title=덕천교차로&isvr=undefined,POINT (129.0054462 35.21026)
115,제2낙동교,129.0044773,35.21488583,https://its.busan.go.kr/traffic/exclude/cctvPopup.do?cctvid=115&title=제2낙동교&isvr=undefined,POINT (129.0044773 35.21488583)
114,화명주공삼거리,129.0082763,35.22040701,https://its.busan.go.kr/traffic/exclude/cctvPopup.do?cctvid=114&title=화명주공삼거리&isvr=undefined,POINT (129.0082763 35.22040701)
96,만덕사거리,129.036505,35.212994,https://its.busan.go.kr/traffic/exclude/cctvPopup.do?cctvid=96&title=만덕사거리&isvr=undefined,POINT (129.036505 35.212994)
25,노포차량기지앞,129.09665,35.2888986,https://its.busan.go.kr/traffic/exclude/cctvPopup.do?cctvid=25&title=노포차량기지앞&isvr=undefined,POINT (129.09665 35.2888986)
124,경부TG,129.108796,35.27467056,https://its.busan.go.kr/traffic/exclude/cctvPopup.do?cctvid=124&title=경부TG&isvr=undefined,POINT (129.108796 35.27467056)
24,남산역,129.092939,35.266667,https://its.busan.go.kr/traffic/exclude/cctvPopup.do?cctvid=24&title=남산역&isvr=undefined,POINT (129.092939 35.266667)
23,경부고속도로입구,129.093001,35.246593,https://its.busan.go.kr/traffic/exclude/cctvPopup.do?cctvid=23&title=경부고속도로입구&isvr=undefined,POINT (129.093001 35.246593)
22,부곡사거리,129.091587,35.230741,https://its.busan.go.kr/traffic/exclude/cctvPopup.do?cctvid=22&title=부곡사거리&isvr=undefined,POINT (129.091587 35.230741)
21,부산대학교사거리,129.086384,35.231319,https://its.busan.go.kr/traffic/exclude/cctvPopup.do?cctvid=21&title=부산대학교사거리&isvr=undefined,POINT (129.086384 35.231319)
20,온천교사거리,129.084225,35.218093,https://its.busan.go.kr/traffic/exclude/cctvPopup.do?cctvid=20&title=온천교사거리&isvr=undefined,POINT (129.084225 35.218093)
19,동래롯데,129.078823,35.211747,https://its.busan.go.kr/traffic/exclude/cctvPopup.do?cctvid=19&title=동래롯데&isvr=undefined,POINT (129.078823 35.211747)
93,내성교차로,129.0782961,35.20414484,https://its.busan.go.kr/traffic/exclude/cctvPopup.do?cctvid=93&title=내성교차로&isvr=undefined,POINT (129.0782961 35.20414484)
94,미남교차로,129.069642,35.207954,https://its.busan.go.kr/traffic/exclude/cctvPopup.do?cctvid=94&title=미남교차로&isvr=undefined,POINT (129.069642 35.207954)
92,동래교차로,129.0836154,35.20166152,https://its.busan.go.kr/traffic/exclude/cctvPopup.do?cctvid=92&title=동래교차로&isvr=undefined,POINT (129.0836154 35.20166152)
91,안락교차로,129.0966384,35.19812776,https://its.busan.go.kr/traffic/exclude/cctvPopup.do?cctvid=91&title=안락교차로&isvr=undefined,POINT (129.0966384 35.19812776)
18,교대사거리,129.080232,35.19575,https://its.busan.go.kr/traffic/exclude/cctvPopup.do?cctvid=18&title=교대사거리&isvr=undefined,POINT (129.080232 35.19575)
63,과정교차로,129.089412,35.192104,https://its.busan.go.kr/traffic/exclude/cctvPopup.do?cctvid=63&title=과정교차로&isvr=undefined,POINT (129.089412 35.192104)
17,연산교차로,129.081753,35.186064,https://its.busan.go.kr/traffic/exclude/cctvPopup.do?cctvid=17&title=연산교차로&isvr=undefined,POINT (129.081753 35.186064)
16,부산지방경찰청,129.0756634,35.17860472,https://its.busan.go.kr/traffic/exclude/cctvPopup.do?cctvid=16&title=부산지방경찰청&isvr=undefined,POINT (129.0756634 35.17860472)
15,양정교차로,129.070956,35.172854,https://its.busan.go.kr/traffic/exclude/cctvPopup.do?cctvid=15&title=양정교차로&isvr=undefined,POINT (129.070956 35.172854)
130,범어사입구,129.092502,35.275736,https://its.busan.go.kr/traffic/exclude/cctvPopup.do?cctvid=130&title=범어사입구&isvr=undefined,POINT (129.092502 35.275736)
131,해운대소방서,129.1428578,35.1600573,https://its.busan.go.kr/traffic/exclude/cctvPopup.do?cctvid=131&title=해운대소방서&isvr=undefined,POINT (129.1428578 35.1600573)
132,수영4호교,129.1187133,35.18427,https://its.busan.go.kr/traffic/exclude/cctvPopup.do?cctvid=132&title=수영4호교&isvr=undefined,POINT (129.1187133 35.18427)
133,광덕물산,129.026555,35.2135809,https://its.busan.go.kr/traffic/exclude/cctvPopup.do?cctvid=133&title=광덕물산&isvr=undefined,POINT (129.026555 35.2135809)
134,신라대입구,128.9884551,35.1715373,https://its.busan.go.kr/traffic/exclude/cctvPopup.do?cctvid=134&title=신라대입구&isvr=undefined,POINT (128.9884551 35.1715373)
135,다대포강변로,128.954385,35.067282,https://its.busan.go.kr/traffic/exclude/cctvPopup.do?cctvid=135&title=다대포강변로&isvr=undefined,POINT (128.954385 35.067282)
136,사하우체국,128.9804317,35.10027,https://its.busan.go.kr/traffic/exclude/cctvPopup.do?cctvid=136&title=사하우체국&isvr=undefined,POINT (128.9804317 35.10027)
137,남항대교입구(서구),129.0223615,35.0800322,https://its.busan.go.kr/traffic/exclude/cctvPopup.do?cctvid=137&title=남항대교입구(서구)&isvr=undefined,POINT (129.0223615 35.0800322)
138,5부두,129.0548942,35.1268578,https://its.busan.go.kr/traffic/exclude/cctvPopup.do?cctvid=138&title=5부두&isvr=undefined,POINT (129.0548942 35.1268578)
139,구평고개삼거리,128.9839115,35.0847276,https://its.busan.go.kr/traffic/exclude/cctvPopup.do?cctvid=139&title=구평고개삼거리&isvr=undefined,POINT (128.9839115 35.0847276)
140,눌차대교입구,128.8333934,35.0644367,https://its.busan.go.kr/traffic/exclude/cctvPopup.do?cctvid=140&title=눌차대교입구&isvr=undefined,POINT (128.8333934 35.0644367)
129,NC백화점,129.0624155,35.1576888,https://its.busan.go.kr/traffic/exclude/cctvPopup.do?cctvid=129&title=NC백화점&isvr=undefined,POINT (129.0624155 35.1576888)
59,좌천사거리,129.239996,35.318388,https://its.busan.go.kr/traffic/exclude/cctvPopup.do?cctvid=59&title=좌천사거리&isvr=undefined,POINT (129.239996 35.318388)
2020150,연화육교교차로_서,129.211058,35.218773,https://its.busan.go.kr/traffic/exclude/cctvPopup.do?cctvid=2020150&title=연화육교교차로_서&isvr=undefined,POINT (129.211058 35.218773)
2020144,연화육교교차로_남,129.210906,35.216548,https://its.busan.go.kr/traffic/exclude/cctvPopup.do?cctvid=2020144&title=연화육교교차로_남&isvr=undefined,POINT (129.210906 35.216548)
2020148,연화육교교차로_동,129.21249,35.217158,https://its.busan.go.kr/traffic/exclude/cctvPopup.do?cctvid=2020148&title=연화육교교차로_동&isvr=undefined,POINT (129.21249 35.217158)
2020147,연화육교교차로_북,129.211774,35.218678,https://its.busan.go.kr/traffic/exclude/cctvPopup.do?cctvid=2020147&title=연화육교교차로_북&isvr=undefined,POINT (129.211774 35.218678)
856,송정1호교_기장,129.206748,35.200064,https://its.busan.go.kr/traffic/exclude/cctvPopup.do?cctvid=856&title=송정1호교_기장&isvr=undefined,POINT (129.206748 35.200064)
857,송정1호교_오시리아,129.206288,35.198004,https://its.busan.go.kr/traffic/exclude/cctvPopup.do?cctvid=857&title=송정1호교_오시리아&isvr=undefined,POINT (129.206288 35.198004)
855,송정1호교_송정삼거리,129.207519,35.198295,https://its.busan.go.kr/traffic/exclude/cctvPopup.do?cctvid=855&title=송정1호교_송정삼거리&isvr=undefined,POINT (129.207519 35.198295)
407,아쿠아팰리스 앞,129.168954,35.162038,https://its.busan.go.kr/traffic/exclude/cctvPopup.do?cctvid=407&title=아쿠아팰리스 앞&isvr=undefined,POINT (129.168954 35.162038)
408,미포교차로-2,129.171703,35.161362,https://its.busan.go.kr/traffic/exclude/cctvPopup.do?cctvid=408&title=미포교차로-2&isvr=undefined,POINT (129.171703 35.161362)
406,해운대 이름난 암소갈비 앞,129.167447,35.162095,https://its.busan.go.kr/traffic/exclude/cctvPopup.do?cctvid=406&title=해운대 이름난 암소갈비 앞&isvr=undefined,POINT (129.167447 35.162095)
141,어린이대공원,129.046958,35.181922,https://its.busan.go.kr/traffic/exclude/cctvPopup.do?cctvid=141&title=어린이대공원&isvr=undefined,POINT (129.046958 35.181922)
142,시민도서관앞,129.048927,35.18165,https://its.busan.go.kr/traffic/exclude/cctvPopup.do?cctvid=142&title=시민도서관앞&isvr=undefined,POINT (129.048927 35.18165)
2020158,동부산IC방면,129.2127956,35.19441203,https://its.busan.go.kr/traffic/exclude/cctvPopup.do?cctvid=2020158&title=동부산IC방면&isvr=undefined,POINT (129.2127956 35.19441203)
2020159,이케아방면,129.2123177,35.1943581,https://its.busan.go.kr/traffic/exclude/cctvPopup.do?cctvid=2020159&title=이케아방면&isvr=undefined,POINT (129.2123177 35.1943581)
2020160,롯데몰방면,129.2125383,35.19481303,https://its.busan.go.kr/traffic/exclude/cctvPopup.do?cctvid=2020160&title=롯데몰방면&isvr=undefined,POINT (129.2125383 35.19481303)
257,송정삼거리,129.201129,35.183951,https://its.busan.go.kr/traffic/exclude/cctvPopup.do?cctvid=257&title=송정삼거리&isvr=undefined,POINT (129.201129 35.183951)
259,롯데몰 동부산점,129.213228,35.190112,https://its.busan.go.kr/traffic/exclude/cctvPopup.do?cctvid=259&title=롯데몰 동부산점&isvr=undefined,POINT (129.213228 35.190112)
260,연화터널입구,129.222168,35.211544,https://its.busan.go.kr/traffic/exclude/cctvPopup.do?cctvid=260&title=연화터널입구&isvr=undefined,POINT (129.222168 35.211544)
258,송정1호교,129.205905,35.197233,https://its.busan.go.kr/traffic/exclude/cctvPopup.do?cctvid=258&title=송정1호교&isvr=undefined,POINT (129.205905 35.197233)
913,월륜교차로,129.113448,35.184482,https://its.busan.go.kr/traffic/exclude/cctvPopup.do?cctvid=913&title=월륜교차로&isvr=undefined,POINT (129.113448 35.184482)
299,가락IC,128.886269,35.159867,https://its.busan.go.kr/traffic/exclude/cctvPopup.do?cctvid=299&title=가락IC&isvr=undefined,POINT (128.886269 35.159867)
300,송정사거리,128.839277,35.10397,https://its.busan.go.kr/traffic/exclude/cctvPopup.do?cctvid=300&title=송정사거리&isvr=undefined,POINT (128.839277 35.10397)
301,산양삼거리,128.87273,35.112504,https://its.busan.go.kr/traffic/exclude/cctvPopup.do?cctvid=301&title=산양삼거리&isvr=undefined,POINT (128.87273 35.112504)
302,거가대교진입로,128.839379,35.088837,https://its.busan.go.kr/traffic/exclude/cctvPopup.do?cctvid=302&title=거가대교진입로&isvr=undefined,POINT (128.839379 35.088837)
303,장산터널,129.164991,35.176387,https://its.busan.go.kr/traffic/exclude/cctvPopup.do?cctvid=303&title=장산터널&isvr=undefined,POINT (129.164991 35.176387)
304,개금주공아파트사거리,129.031632,35.159118,https://its.busan.go.kr/traffic/exclude/cctvPopup.do?cctvid=304&title=개금주공아파트사거리&isvr=undefined,POINT (129.031632 35.159118)
305,만덕1터널(온천동),129.066136,35.211037,https://its.busan.go.kr/traffic/exclude/cctvPopup.do?cctvid=305&title=만덕1터널(온천동)&isvr=undefined,POINT (129.066136 35.211037)
306,만덕1터널(만덕동),129.043852,35.215264,https://its.busan.go.kr/traffic/exclude/cctvPopup.do?cctvid=306&title=만덕1터널(만덕동)&isvr=undefined,POINT (129.043852 35.215264)
162,강변대로,128.999689,35.210204,https://its.busan.go.kr/traffic/exclude/cctvPopup.do?cctvid=162&title=강변대로&isvr=undefined,POINT (128.999689 35.210204)
163,화명대교(부산),129.005982,35.235577,https://its.busan.go.kr/traffic/exclude/cctvPopup.do?cctvid=163&title=화명대교(부산)&isvr=undefined,POINT (129.005982 35.235577)
164,화명대교(김해),128.995092,35.235095,https://its.busan.go.kr/traffic/exclude/cctvPopup.do?cctvid=164&title=화명대교(김해)&isvr=undefined,POINT (128.995092 35.235095)
166,본녹산삼거리,128.885003,35.112831,https://its.busan.go.kr/traffic/exclude/cctvPopup.do?cctvid=166&title=본녹산삼거리&isvr=undefined,POINT (128.885003 35.112831)
167,부산과학산업단지입구,128.861057,35.132834,https://its.busan.go.kr/traffic/exclude/cctvPopup.do?cctvid=167&title=부산과학산업단지입구&isvr=undefined,POINT (128.861057 35.132834)
143,진구청 옥상,129.053062,35.162819,https://its.busan.go.kr/traffic/exclude/cctvPopup.do?cctvid=143&title=진구청 옥상&isvr=undefined,POINT (129.053062 35.162819)
58,월평교차로,129.140873,35.357617,https://its.busan.go.kr/traffic/exclude/cctvPopup.do?cctvid=58&title=월평교차로&isvr=undefined,POINT (129.140873 35.357617)
168,해운대문화회관,129.174226,35.1718,https://its.busan.go.kr/traffic/exclude/cctvPopup.do?cctvid=168&title=해운대문화회관&isvr=undefined,POINT (129.174226 35.1718)
144,연산터널,129.087371,35.185594,https://its.busan.go.kr/traffic/exclude/cctvPopup.do?cctvid=144&title=연산터널&isvr=undefined,POINT (129.087371 35.185594)
165,와석교차로,129.013626,35.23481,https://its.busan.go.kr/traffic/exclude/cctvPopup.do?cctvid=165&title=와석교차로&isvr=undefined,POINT (129.013626 35.23481)
622,동부지청어귀VMS,129.123387,35.18143,https://its.busan.go.kr/traffic/exclude/cctvPopup.do?cctvid=622&title=동부지청어귀VMS&isvr=undefined,POINT (129.123387 35.18143)
624,원동IC_VMS,129.120499,35.189948,https://its.busan.go.kr/traffic/exclude/cctvPopup.do?cctvid=624&title=원동IC_VMS&isvr=undefined,POINT (129.120499 35.189948)
625,센텀이편한_VMS1,129.116103,35.189851,https://its.busan.go.kr/traffic/exclude/cctvPopup.do?cctvid=625&title=센텀이편한_VMS1&isvr=undefined,POINT (129.116103 35.189851)
626,센텀이편한_VMS2,129.116109,35.189974,https://its.busan.go.kr/traffic/exclude/cctvPopup.do?cctvid=626&title=센텀이편한_VMS2&isvr=undefined,POINT (129.116109 35.189974)
628,안락뜨란채_VMS,129.109751,35.19502,https://its.busan.go.kr/traffic/exclude/cctvPopup.do?cctvid=628&title=안락뜨란채_VMS&isvr=undefined,POINT (129.109751 35.19502)
630,동래한전_VMS,129.102324,35.196857,https://its.busan.go.kr/traffic/exclude/cctvPopup.do?cctvid=630&title=동래한전_VMS&isvr=undefined,POINT (129.102324 35.196857)
631,동래시장,129.087533,35.201045,https://its.busan.go.kr/traffic/exclude/cctvPopup.do?cctvid=631&title=동래시장&isvr=undefined,POINT (129.087533 35.201045)
401,달맞이 어울마당,129.183931,35.160242,https://its.busan.go.kr/traffic/exclude/cctvPopup.do?cctvid=401&title=달맞이 어울마당&isvr=undefined,POINT (129.183931 35.160242)
402,미포교차로,129.17206,35.161035,https://its.busan.go.kr/traffic/exclude/cctvPopup.do?cctvid=402&title=미포교차로&isvr=undefined,POINT (129.17206 35.161035)
403,해운대 동부지청,129.126643,35.188493,https://its.busan.go.kr/traffic/exclude/cctvPopup.do?cctvid=403&title=해운대 동부지청&isvr=undefined,POINT (129.126643 35.188493)
404,재반로-반여초교,129.131325,35.198742,https://its.busan.go.kr/traffic/exclude/cctvPopup.do?cctvid=404&title=재반로-반여초교&isvr=undefined,POINT (129.131325 35.198742)
405,석대동 컨테이너 야적장,129.129774,35.22002,https://its.busan.go.kr/traffic/exclude/cctvPopup.do?cctvid=405&title=석대동 컨테이너 야적장&isvr=undefined,POINT (129.129774 35.22002)
29,송공삼거리,129.066953,35.167862,https://its.busan.go.kr/traffic/exclude/cctvPopup.do?cctvid=29&title=송공삼거리&isvr=undefined,POINT (129.066953 35.167862)
48,거성사거리,129.067321,35.191085,https://its.busan.go.kr/traffic/exclude/cctvPopup.do?cctvid=48&title=거성사거리&isvr=undefined,POINT (129.067321 35.191085)
49,사직운동장,129.06382,35.194698,https://its.busan.go.kr/traffic/exclude/cctvPopup.do?cctvid=49&title=사직운동장&isvr=undefined,POINT (129.06382 35.194698)
